split,domain,sample_id,image_path_x,mask_path_x,has_mask,width,height,pixel_count,aspect_ratio,mean_r,mean_g,mean_b,std_r,std_g,std_b,min_r,min_g,min_b,max_r,max_g,max_b,split_domain,brightness_mean,brightness_std,rg_gap,gb_gap,rb_gap,z_mean_r,z_mean_g,z_mean_b,z_std_r,z_std_g,z_std_b,z_brightness_mean,z_brightness_std,z_rg_gap,z_gb_gap,z_rb_gap,rgb_outlier_score,image_path_y,mask_path_y,review_type,total_pixels,present_class_count,dominant_class_id,dominant_class_name,dominant_ratio,count_0,count_1,count_2,count_3,count_4,count_5,count_6,count_7,ratio_0,ratio_1,ratio_2,ratio_3,ratio_4,ratio_5,ratio_6,ratio_7,z_ratio_0,z_ratio_1,z_ratio_2,z_ratio_3,z_ratio_4,z_ratio_5,z_ratio_6,z_ratio_7,z_present_class_count,z_dominant_ratio,mask_outlier_score,image_path,mask_path
Train,Rural,33,/mnt/e/Computer Vision/data/LoveDA/Train/Rural/images_png/33.png,/mnt/e/Computer Vision/data/LoveDA/Train/Rural/masks_png/33.png,True,1024.0,1024.0,1048576.0,1.0,191.405563,170.801758,152.557083,34.113487,30.121674,27.48612,31.0,26.0,17.0,255.0,255.0,248.0,Train-Rural,171.58813466666666,30.573760333333336,20.603804999999998,18.244675,38.84848,7.209798754399534,6.673783775305042,5.935069548164847,-0.2618358671676533,-0.2293455627030181,-0.2688400913787498,6.804477881342159,-0.2611298315893934,5.214011660646005,2.2889239180494707,6.157022847319441,15.768392421937778,/mnt/e/Computer Vision/data/LoveDA/Train/Rural/images_png/33.png,/mnt/e/Computer Vision/data/LoveDA/Train/Rural/masks_png/33.png,rgb,,,,,,,,,,,,,,,,,,,,,,,,,,,,,,,,,,
Test,Rural,4590,/mnt/e/Computer Vision/data/LoveDA/Test/Rural/images_png/4590.png,,False,1024.0,1024.0,1048576.0,1.0,117.74411,124.205116,128.402222,52.026363,50.75687,52.604206,1.0,1.0,0.0,243.0,239.0,244.0,Test-Rural,123.45048266666667,51.795813,-6.461005999999998,-4.197105999999991,-10.658111999999988,5.4598612542139024,5.664180775038715,6.607873417746651,2.88695136444955,2.9746889444600484,3.2578749670754896,5.954701505736818,3.083024437962536,0.06645813706599,-4.98091733974179,-3.673501024341455,14.718223581101531,/mnt/e/Computer Vision/data/LoveDA/Test/Rural/images_png/4590.png,,rgb,,,,,,,,,,,,,,,,,,,,,,,,,,,,,,,,,,
Train,Rural,67,/mnt/e/Computer Vision/data/LoveDA/Train/Rural/images_png/67.png,/mnt/e/Computer Vision/data/LoveDA/Train/Rural/masks_png/67.png,True,1024.0,1024.0,1048576.0,1.0,179.257385,160.747009,147.041138,46.211903,42.29351,38.907574,19.0,8.0,11.0,255.0,255.0,255.0,Train-Rural,162.34851066666667,42.47099566666667,18.510376000000008,13.705871000000002,32.21624700000001,6.466747519252851,5.934636622798564,5.515164554210282,0.9278624244444564,1.2813608332999864,1.0357244862944173,6.146425132828281,1.096657592513972,4.8110695950139375,1.4785861640152822,5.133830411047141,14.202159590299024,/mnt/e/Computer Vision/data/LoveDA/Train/Rural/images_png/67.png,/mnt/e/Computer Vision/data/LoveDA/Train/Rural/masks_png/67.png,rgb,,,,,,,,,,,,,,,,,,,,,,,,,,,,,,,,,,
Train,Urban,1372,/mnt/e/Computer Vision/data/LoveDA/Train/Urban/images_png/1372.png,/mnt/e/Computer Vision/data/LoveDA/Train/Urban/masks_png/1372.png,True,1024.0,1024.0,1048576.0,1.0,81.60881,91.929245,117.354759,41.445202,38.02953,37.546688,0.0,11.0,13.0,255.0,255.0,255.0,Train-Urban,96.96427133333331,39.00714,-10.32043499999999,-25.425514000000007,-35.745949,0.4813175366478466,0.9306813928811511,2.7772328267304736,0.4692290589046948,0.4375613881808247,0.5741274556223839,1.4083929239643445,0.50187325612038,-2.175309839840399,-9.945580019113928,-9.05166650258964,14.048728180762335,/mnt/e/Computer Vision/data/LoveDA/Train/Urban/images_png/1372.png,/mnt/e/Computer Vision/data/LoveDA/Train/Urban/masks_png/1372.png,rgb,,,,,,,,,,,,,,,,,,,,,,,,,,,,,,,,,,
Train,Rural,614,/mnt/e/Computer Vision/data/LoveDA/Train/Rural/images_png/614.png,/mnt/e/Computer Vision/data/LoveDA/Train/Rural/masks_png/614.png,True,1024.0,1024.0,1048576.0,1.0,158.545471,142.88562,126.178566,71.021301,57.874767,51.599964,0.0,0.0,0.0,255.0,248.0,245.0,Train-Rural,142.53655233333333,60.165344,15.659851000000003,16.707053999999985,32.36690499999999,5.199889783059665,4.621605853043842,3.926987338966717,3.367495713341522,3.215227228449132,2.485456052871942,4.735403035533798,3.1160480619444058,4.262402106584257,2.014403945894732,5.157073280539797,13.138859406643796,/mnt/e/Computer Vision/data/LoveDA/Train/Rural/images_png/614.png,/mnt/e/Computer Vision/data/LoveDA/Train/Rural/masks_png/614.png,rgb,,,,,,,,,,,,,,,,,,,,,,,,,,,,,,,,,,
Train,Rural,736,/mnt/e/Computer Vision/data/LoveDA/Train/Rural/images_png/736.png,/mnt/e/Computer Vision/data/LoveDA/Train/Rural/masks_png/736.png,True,1024.0,1024.0,1048576.0,1.0,164.019592,143.878662,129.350143,48.115166,35.939064,33.16066,7.0,7.0,12.0,255.0,255.0,255.0,Train-Rural,145.74946566666665,39.07163,20.14093,14.528518999999989,34.669448999999986,5.534717966380027,4.694606597927612,4.168425754507741,1.115019878741659,0.4926793052827092,0.379308898985305,4.964229062408579,0.7087005736932335,5.124917734542257,1.6254580564082357,5.512299884457991,12.494649142676634,/mnt/e/Computer Vision/data/LoveDA/Train/Rural/images_png/736.png,/mnt/e/Computer Vision/data/LoveDA/Train/Rural/masks_png/736.png,rgb,,,,,,,,,,,,,,,,,,,,,,,,,,,,,,,,,,
Train,Urban,1414,/mnt/e/Computer Vision/data/LoveDA/Train/Urban/images_png/1414.png,/mnt/e/Computer Vision/data/LoveDA/Train/Urban/masks_png/1414.png,True,1024.0,1024.0,1048576.0,1.0,164.269135,163.779602,162.957153,39.684586,37.295769,33.650681,44.0,52.0,57.0,255.0,255.0,255.0,Train-Urban,163.66863,36.877012,0.4895329999999944,0.822449000000006,1.3119820000000004,6.187516525282359,6.166179484491018,5.971093881919215,0.2520980518506312,0.3437283076349272,0.0519707676357676,6.153257925320824,0.2232369221006724,1.8790124174007563,-0.2343352864913415,1.2121779580616812,12.45443253554182,/mnt/e/Computer Vision/data/LoveDA/Train/Urban/images_png/1414.png,/mnt/e/Computer Vision/data/LoveDA/Train/Urban/masks_png/1414.png,rgb,,,,,,,,,,,,,,,,,,,,,,,,,,,,,,,,,,
Val,Rural,3119,/mnt/e/Computer Vision/data/LoveDA/Val/Rural/images_png/3119.png,/mnt/e/Computer Vision/data/LoveDA/Val/Rural/masks_png/3119.png,True,1024.0,1024.0,1048576.0,1.0,158.764709,134.784058,127.276367,52.560505,48.186184,44.958668,0.0,0.0,0.0,255.0,255.0,255.0,Val-Rural,140.27504466666667,48.56845233333333,23.980651000000023,7.507690999999994,31.488342000000017,5.419960019239617,4.355544101090771,3.713911469764942,2.1018177100632567,2.2506616384175007,2.0586744970629485,4.841943940111772,2.1970525436074757,4.175444872153634,2.108992495599661,3.746614393613985,11.834352337735837,/mnt/e/Computer Vision/data/LoveDA/Val/Rural/images_png/3119.png,/mnt/e/Computer Vision/data/LoveDA/Val/Rural/masks_png/3119.png,rgb,,,,,,,,,,,,,,,,,,,,,,,,,,,,,,,,,,
Train,Rural,102,/mnt/e/Computer Vision/data/LoveDA/Train/Rural/images_png/102.png,/mnt/e/Computer Vision/data/LoveDA/Train/Rural/masks_png/102.png,True,1024.0,1024.0,1048576.0,1.0,142.817841,127.426132,108.827621,71.983734,55.265419,49.4706,0.0,0.0,0.0,255.0,243.0,228.0,Train-Rural,126.357198,58.906584333333335,15.391708999999992,18.598511,33.990219999999994,4.237899030419226,3.4851442134337387,2.6061350724319725,3.462136606487462,2.8913682220512764,2.242238959201342,3.5830976399646786,2.972390481213868,4.2107902815055365,2.352096213997135,5.407511350144315,11.681180517860328,/mnt/e/Computer Vision/data/LoveDA/Train/Rural/images_png/102.png,/mnt/e/Computer Vision/data/LoveDA/Train/Rural/masks_png/102.png,rgb,,,,,,,,,,,,,,,,,,,,,,,,,,,,,,,,,,
Train,Rural,1029,/mnt/e/Computer Vision/data/LoveDA/Train/Rural/images_png/1029.png,/mnt/e/Computer Vision/data/LoveDA/Train/Rural/masks_png/1029.png,True,1024.0,1024.0,1048576.0,1.0,124.234459,132.86557,148.02066,55.407791,51.466347,64.217888,0.0,1.0,7.0,255.0,255.0,255.0,Train-Rural,135.04022966666665,57.030675333333335,-8.63111099999999,-15.15509,-23.78620099999999,3.101234343064249,3.885009501859688,5.58973132010232,1.83214049220608,2.419846721985392,3.92668207314678,4.201509477251892,2.758299931804799,-0.4131089350943099,-3.674120653905984,-3.505986858088747,11.480851204408454,/mnt/e/Computer Vision/data/LoveDA/Train/Rural/images_png/1029.png,/mnt/e/Computer Vision/data/LoveDA/Train/Rural/masks_png/1029.png,rgb,,,,,,,,,,,,,,,,,,,,,,,,,,,,,,,,,,
Val,Rural,2636,/mnt/e/Computer Vision/data/LoveDA/Val/Rural/images_png/2636.png,/mnt/e/Computer Vision/data/LoveDA/Val/Rural/masks_png/2636.png,True,1024.0,1024.0,1048576.0,1.0,142.605087,124.932129,123.594124,60.610542,60.826752,56.734077,11.0,0.0,0.0,255.0,255.0,255.0,Val-Rural,130.37711333333334,59.390457000000005,17.672957999999994,1.3380050000000097,19.010963000000004,4.490945306164003,3.636104705472836,3.436382970306172,2.9288789219444458,3.819280197552084,3.52257056955607,4.134376854042184,3.4903293881643696,3.414959683076708,0.8540262003685792,2.70778678884551,11.391716392448515,/mnt/e/Computer Vision/data/LoveDA/Val/Rural/images_png/2636.png,/mnt/e/Computer Vision/data/LoveDA/Val/Rural/masks_png/2636.png,rgb,,,,,,,,,,,,,,,,,,,,,,,,,,,,,,,,,,
Train,Urban,2152,/mnt/e/Computer Vision/data/LoveDA/Train/Urban/images_png/2152.png,/mnt/e/Computer Vision/data/LoveDA/Train/Urban/masks_png/2152.png,True,1024.0,1024.0,1048576.0,1.0,155.795074,152.496414,152.278397,41.645073,39.402699,35.116222,43.0,51.0,58.0,255.0,255.0,255.0,Train-Urban,153.523295,38.72133133333333,3.2986600000000124,0.2180169999999748,3.516676999999987,5.602536024566603,5.34401085920116,5.22318439922269,0.4938784949605421,0.6131617231402039,0.2483877747583404,5.4315922661231655,0.4644873905240116,2.932586870120428,-0.4579635762839183,1.822806936867204,11.391244953460063,/mnt/e/Computer Vision/data/LoveDA/Train/Urban/images_png/2152.png,/mnt/e/Computer Vision/data/LoveDA/Train/Urban/masks_png/2152.png,rgb,,,,,,,,,,,,,,,,,,,,,,,,,,,,,,,,,,
Test,Rural,4191,/mnt/e/Computer Vision/data/LoveDA/Test/Rural/images_png/4191.png,,False,1024.0,1024.0,1048576.0,1.0,30.183613,36.02462,34.274712,34.561256,40.525925,37.413303,0.0,0.0,0.0,255.0,255.0,255.0,Test-Rural,33.494315,37.50016133333333,-5.841006999999998,1.7499079999999978,-4.091099,-5.399460973921749,-5.714269384214709,-5.555017065382247,-0.0102852409844699,1.403623046961839,1.0710319207507648,-5.601558460168553,0.8572756668060616,0.389380771083259,-0.8904279941510457,-0.2824405831964053,11.354262268093615,/mnt/e/Computer Vision/data/LoveDA/Test/Rural/images_png/4191.png,,rgb,,,,,,,,,,,,,,,,,,,,,,,,,,,,,,,,,,
Test,Rural,4733,/mnt/e/Computer Vision/data/LoveDA/Test/Rural/images_png/4733.png,,False,1024.0,1024.0,1048576.0,1.0,35.226646,37.522224,36.376945,42.908207,44.076832,42.064838,0.0,0.0,0.0,255.0,255.0,255.0,Test-Rural,36.37527166666667,43.01662566666667,-2.295577999999999,1.1452790000000022,-1.1502989999999969,-4.774020024744386,-5.521024695816736,-5.283372465955155,1.3743665668151666,1.9489010142354075,1.7406548503084145,-5.231455052541451,1.7161566746354957,2.235995477560546,-1.3063053542068943,1.2361235715143268,11.333640636197735,/mnt/e/Computer Vision/data/LoveDA/Test/Rural/images_png/4733.png,,rgb,,,,,,,,,,,,,,,,,,,,,,,,,,,,,,,,,,
Train,Rural,118,/mnt/e/Computer Vision/data/LoveDA/Train/Rural/images_png/118.png,/mnt/e/Computer Vision/data/LoveDA/Train/Rural/masks_png/118.png,True,1024.0,1024.0,1048576.0,1.0,155.11731,142.931183,138.222687,52.572704,46.836788,43.533051,6.0,0.0,0.0,255.0,255.0,255.0,Train-Rural,145.42372666666668,47.64751433333333,12.186127,4.708495999999997,16.894622999999996,4.990204078311868,4.62495529137489,4.843854087219835,1.5533520821801967,1.845249398132748,1.5640489403474611,4.941029693662823,1.6874345040661676,3.593781616471767,-0.1277649032930578,2.770076033266959,11.219870265545534,/mnt/e/Computer Vision/data/LoveDA/Train/Rural/images_png/118.png,/mnt/e/Computer Vision/data/LoveDA/Train/Rural/masks_png/118.png,rgb,,,,,,,,,,,,,,,,,,,,,,,,,,,,,,,,,,
Test,Rural,4491,/mnt/e/Computer Vision/data/LoveDA/Test/Rural/images_png/4491.png,,False,1024.0,1024.0,1048576.0,1.0,35.813587,38.210686,36.903217,43.072826,44.389179,42.274986,0.0,0.0,0.0,255.0,255.0,255.0,Test-Rural,36.97583,43.245663666666665,-2.3970990000000043,1.3074690000000049,-1.0896299999999997,-4.701227136783687,-5.432188378162775,-5.21536908734313,1.40167474149454,1.9968650801047736,1.770907212034313,-5.154304053285816,1.7518165423305645,2.1831188943272366,-1.1947474417887676,1.2674517028738688,11.195272721763503,/mnt/e/Computer Vision/data/LoveDA/Test/Rural/images_png/4491.png,,rgb,,,,,,,,,,,,,,,,,,,,,,,,,,,,,,,,,,
Train,Urban,1598,/mnt/e/Computer Vision/data/LoveDA/Train/Urban/images_png/1598.png,/mnt/e/Computer Vision/data/LoveDA/Train/Urban/masks_png/1598.png,True,1024.0,1024.0,1048576.0,1.0,98.629837,106.757187,125.36438,39.323029,34.352047,30.849237,0.0,10.0,25.0,253.0,246.0,255.0,Train-Urban,110.250468,34.841437666666664,-8.127350000000007,-18.607192999999995,-26.734543,1.6563113084836176,2.0111445288333054,3.3382037393260244,0.2075084107719138,-0.0327137539228963,-0.3234887016670278,2.35347673595081,-0.0430311002269113,-1.3527844329639251,-7.422931541722366,-6.5557994355431815,11.11438696458528,/mnt/e/Computer Vision/data/LoveDA/Train/Urban/images_png/1598.png,/mnt/e/Computer Vision/data/LoveDA/Train/Urban/masks_png/1598.png,rgb,,,,,,,,,,,,,,,,,,,,,,,,,,,,,,,,,,
Test,Rural,4379,/mnt/e/Computer Vision/data/LoveDA/Test/Rural/images_png/4379.png,,False,1024.0,1024.0,1048576.0,1.0,38.083435,39.504681,38.6558,44.892174,44.967831,43.47683,0.0,0.0,0.0,255.0,255.0,255.0,Test-Rural,38.747972,44.44561166666667,-1.4212459999999965,0.8488809999999987,-0.5723649999999978,-4.419718789007985,-5.265216561471892,-4.988905271487452,1.7034811732343036,2.0857229933981336,1.943921561093556,-4.926645025787159,1.9386413789121089,2.69138587729601,-1.5101745331014491,1.5345559219593043,11.094400547759294,/mnt/e/Computer Vision/data/LoveDA/Test/Rural/images_png/4379.png,,rgb,,,,,,,,,,,,,,,,,,,,,,,,,,,,,,,,,,
Train,Urban,2408,/mnt/e/Computer Vision/data/LoveDA/Train/Urban/images_png/2408.png,/mnt/e/Computer Vision/data/LoveDA/Train/Urban/masks_png/2408.png,True,1024.0,1024.0,1048576.0,1.0,83.675919,93.325699,112.179871,42.852032,39.499771,39.310364,0.0,10.0,14.0,255.0,255.0,255.0,Train-Urban,96.39382966666666,40.55405566666667,-9.649780000000009,-18.854172000000005,-28.50395200000001,0.624013990904435,1.0324363814057176,2.41479849382761,0.6427287968679238,0.6255752539693864,0.8105015737493483,1.3678158349467011,0.7042211480769447,-1.9237779672733384,-7.514309052153118,-7.045868316163546,10.996581183491656,/mnt/e/Computer Vision/data/LoveDA/Train/Urban/images_png/2408.png,/mnt/e/Computer Vision/data/LoveDA/Train/Urban/masks_png/2408.png,rgb,,,,,,,,,,,,,,,,,,,,,,,,,,,,,,,,,,
Train,Rural,200,/mnt/e/Computer Vision/data/LoveDA/Train/Rural/images_png/200.png,/mnt/e/Computer Vision/data/LoveDA/Train/Rural/masks_png/200.png,True,1024.0,1024.0,1048576.0,1.0,118.886795,105.55909,89.856857,82.016525,66.610336,57.072899,0.0,0.0,0.0,255.0,248.0,234.0,Train-Rural,104.76758066666667,68.56658666666668,13.327705000000009,15.702232999999993,29.029938,2.7741409846734317,1.8776489066847049,1.1619730036054214,4.448711569094249,4.299441636285844,3.1105776124306197,2.0454693744029133,4.074850785437699,3.813511923733265,1.8350077013452029,4.642260336771045,10.9896584272904,/mnt/e/Computer Vision/data/LoveDA/Train/Rural/images_png/200.png,/mnt/e/Computer Vision/data/LoveDA/Train/Rural/masks_png/200.png,rgb,,,,,,,,,,,,,,,,,,,,,,,,,,,,,,,,,,
Test,Rural,4813,/mnt/e/Computer Vision/data/LoveDA/Test/Rural/images_png/4813.png,,False,1024.0,1024.0,1048576.0,1.0,36.4417,39.271938,37.268967,42.623306,45.05978,42.485054,0.0,0.0,0.0,255.0,255.0,255.0,Test-Rural,37.66086833333333,43.38938,-2.8302380000000014,2.002970999999995,-0.8272670000000062,-4.623328064754882,-5.295248765253271,-5.168107907330991,1.3271051554694042,2.0998426996627133,1.8011480571674392,-5.066300292432584,1.774192329022236,1.9575211324347093,-0.7163655982556901,1.40293016020601,10.984866033097264,/mnt/e/Computer Vision/data/LoveDA/Test/Rural/images_png/4813.png,,rgb,,,,,,,,,,,,,,,,,,,,,,,,,,,,,,,,,,
Train,Rural,251,/mnt/e/Computer Vision/data/LoveDA/Train/Rural/images_png/251.png,/mnt/e/Computer Vision/data/LoveDA/Train/Rural/masks_png/251.png,True,1024.0,1024.0,1048576.0,1.0,148.298965,130.368439,119.375778,59.131954,44.755184,40.725788,2.0,2.0,4.0,255.0,255.0,255.0,Train-Rural,132.68106066666667,48.20430866666666,17.930526000000015,10.992660999999998,28.923187000000013,4.573155556804676,3.7014398008074143,3.40912056291761,2.1983562314222733,1.5868912936737791,1.2434018607363615,4.033487743395761,1.750979380033599,4.699460385073332,0.994181792814608,4.625791250753637,10.905951396036434,/mnt/e/Computer Vision/data/LoveDA/Train/Rural/images_png/251.png,/mnt/e/Computer Vision/data/LoveDA/Train/Rural/masks_png/251.png,rgb,,,,,,,,,,,,,,,,,,,,,,,,,,,,,,,,,,
Train,Rural,1297,/mnt/e/Computer Vision/data/LoveDA/Train/Rural/images_png/1297.png,/mnt/e/Computer Vision/data/LoveDA/Train/Rural/masks_png/1297.png,True,1024.0,1024.0,1048576.0,1.0,132.355927,120.144035,102.585098,76.385559,57.664848,50.841408,0.0,0.0,0.0,255.0,255.0,255.0,Train-Rural,118.36168666666669,61.630605,12.211892000000006,17.558937,29.77082900000001,3.5979892332711803,2.9498209287027173,2.13091884337671,3.8949902695186784,3.1891731495129254,2.398813381301278,3.013651501390873,3.283272875364291,3.5987408495391477,2.166495324354767,4.756561819740993,10.83583681818272,/mnt/e/Computer Vision/data/LoveDA/Train/Rural/images_png/1297.png,/mnt/e/Computer Vision/data/LoveDA/Train/Rural/masks_png/1297.png,rgb,,,,,,,,,,,,,,,,,,,,,,,,,,,,,,,,,,
Test,Rural,5049,/mnt/e/Computer Vision/data/LoveDA/Test/Rural/images_png/5049.png,,False,1024.0,1024.0,1048576.0,1.0,50.474964,52.374935,52.386833,56.70578,57.172852,56.751007,0.0,0.0,0.0,255.0,255.0,255.0,Test-Rural,51.74557733333333,56.87654633333333,-1.8999710000000007,-0.0118980000000021,-1.911869000000003,-2.8829115423532805,-3.6044916810410537,-3.2146200428733214,3.663206455499964,3.959928384136672,3.854837697424201,-3.2569017490079704,3.8740646953023528,2.44204493002042,-2.102237596751252,0.8428656473769967,10.597471603896937,/mnt/e/Computer Vision/data/LoveDA/Test/Rural/images_png/5049.png,,rgb,,,,,,,,,,,,,,,,,,,,,,,,,,,,,,,,,,
Train,Rural,1296,/mnt/e/Computer Vision/data/LoveDA/Train/Rural/images_png/1296.png,/mnt/e/Computer Vision/data/LoveDA/Train/Rural/masks_png/1296.png,True,1024.0,1024.0,1048576.0,1.0,110.882477,121.489807,130.513794,63.478569,56.210823,72.716927,0.0,0.0,0.0,255.0,255.0,255.0,Train-Rural,120.962026,64.13543966666667,-10.607330000000005,-9.023986999999993,-19.631317,2.28455165066739,3.0487516470849405,4.257009463395378,2.625780816574212,3.008706959576726,4.897446848250088,3.198849561979566,3.5691403827783224,-0.7934904842184264,-2.5795009622928884,-2.864989190728628,10.5371361164455,/mnt/e/Computer Vision/data/LoveDA/Train/Rural/images_png/1296.png,/mnt/e/Computer Vision/data/LoveDA/Train/Rural/masks_png/1296.png,rgb,,,,,,,,,,,,,,,,,,,,,,,,,,,,,,,,,,
Test,Rural,4968,/mnt/e/Computer Vision/data/LoveDA/Test/Rural/images_png/4968.png,,False,1024.0,1024.0,1048576.0,1.0,81.602715,86.653221,90.36792,56.454132,58.342796,64.02874,0.0,0.0,0.0,227.0,226.0,248.0,Test-Rural,86.20795200000002,59.608556,-5.050505999999999,-3.714698999999996,-8.765204999999995,0.9775768048767692,0.8186379960208037,1.6931885415797328,3.621461289135724,4.139585211573692,4.90252128832449,1.17032287628035,4.299422510402838,0.8011083143749174,-4.649107007070911,-2.6960456657992165,10.39989888771506,/mnt/e/Computer Vision/data/LoveDA/Test/Rural/images_png/4968.png,,rgb,,,,,,,,,,,,,,,,,,,,,,,,,,,,,,,,,,
Test,Rural,4910,/mnt/e/Computer Vision/data/LoveDA/Test/Rural/images_png/4910.png,,False,1024.0,1024.0,1048576.0,1.0,102.027603,105.239227,104.019806,58.900501,54.281002,54.41264,1.0,1.0,1.0,255.0,255.0,255.0,Test-Rural,103.762212,55.86471433333333,-3.2116240000000005,1.219420999999997,-1.9922030000000035,3.5106876010110244,3.2169001120627123,3.457246618821558,4.027282439684588,3.5158553375432056,3.518212441262325,3.4254388658898565,3.716528412023431,1.7588785996285117,-1.255308827031951,0.8013829444374793,10.317067073351204,/mnt/e/Computer Vision/data/LoveDA/Test/Rural/images_png/4910.png,,rgb,,,,,,,,,,,,,,,,,,,,,,,,,,,,,,,,,,
Test,Rural,4387,/mnt/e/Computer Vision/data/LoveDA/Test/Rural/images_png/4387.png,,False,1024.0,1024.0,1048576.0,1.0,44.252571,46.495026,44.608353,50.63493,50.204288,47.692589,0.0,0.0,0.0,255.0,255.0,255.0,Test-Rural,45.11865,49.51060233333333,-2.242455,1.8866730000000016,-0.3557819999999978,-3.654617653353263,-4.363211063810749,-4.219733217174952,2.6561305271303803,2.8898343454204327,2.55081130649782,-4.108232980935735,2.7272305957673733,2.26366426265036,-0.7963579658394029,1.6463945986186197,10.241930563737908,/mnt/e/Computer Vision/data/LoveDA/Test/Rural/images_png/4387.png,,rgb,,,,,,,,,,,,,,,,,,,,,,,,,,,,,,,,,,
Train,Rural,817,/mnt/e/Computer Vision/data/LoveDA/Train/Rural/images_png/817.png,/mnt/e/Computer Vision/data/LoveDA/Train/Rural/masks_png/817.png,True,1024.0,1024.0,1048576.0,1.0,129.497849,116.924324,103.044617,72.082062,58.593925,51.102341,0.0,0.0,0.0,255.0,245.0,227.0,Train-Rural,116.48893,60.59277599999999,12.573525000000004,13.879706999999996,26.453232,3.4231730272487164,2.7131327510521577,2.1659000338920267,3.47180569487206,3.3044854628138345,2.428617287962023,2.8802724080643816,3.1648292937179177,3.66834777101617,1.5096220655017272,4.244737196420358,10.232654023462638,/mnt/e/Computer Vision/data/LoveDA/Train/Rural/images_png/817.png,/mnt/e/Computer Vision/data/LoveDA/Train/Rural/masks_png/817.png,rgb,,,,,,,,,,,,,,,,,,,,,,,,,,,,,,,,,,
Test,Rural,4565,/mnt/e/Computer Vision/data/LoveDA/Test/Rural/images_png/4565.png,,False,1024.0,1024.0,1048576.0,1.0,41.412476,45.292168,42.711643,48.110264,49.733746,47.400749,0.0,0.0,0.0,255.0,255.0,255.0,Test-Rural,43.13876233333334,48.41491966666666,-3.879691999999999,2.5805249999999944,-1.2991670000000042,-4.006848485979956,-4.518422935171275,-4.4648207161245725,2.237320911380836,2.817577824684508,2.5087987760617154,-4.362580149926662,2.556639257521691,1.4109195250773456,-0.3191110292394883,1.159251424961182,10.229805720265558,/mnt/e/Computer Vision/data/LoveDA/Test/Rural/images_png/4565.png,,rgb,,,,,,,,,,,,,,,,,,,,,,,,,,,,,,,,,,
Test,Rural,4768,/mnt/e/Computer Vision/data/LoveDA/Test/Rural/images_png/4768.png,,False,1024.0,1024.0,1048576.0,1.0,74.498802,79.141571,82.38768,57.426598,59.686554,64.845345,0.0,0.0,0.0,227.0,226.0,248.0,Test-Rural,78.67601766666667,60.65283233333333,-4.642769000000001,-3.246109000000004,-7.888878000000005,0.0965438848872691,-0.1506345644188202,0.6620045110122132,3.782780890140173,4.345932950545058,5.020077628842495,0.202729508756519,4.462010185302894,1.013475602106508,-4.326800316276112,-2.2435297619617662,10.178428122879437,/mnt/e/Computer Vision/data/LoveDA/Test/Rural/images_png/4768.png,,rgb,,,,,,,,,,,,,,,,,,,,,,,,,,,,,,,,,,
Test,Rural,4192,/mnt/e/Computer Vision/data/LoveDA/Test/Rural/images_png/4192.png,,False,1024.0,1024.0,1048576.0,1.0,67.58345,70.07045,67.191803,63.182762,63.225067,60.147579,0.0,0.0,0.0,244.0,243.0,255.0,Test-Rural,68.28190099999999,62.185136,-2.4869999999999948,2.878647000000001,0.3916470000000061,-0.7611035504508641,-1.3211348776293188,-1.3015637141123804,4.737654458775137,4.889307692776014,4.343799404278708,-1.1325554131294917,4.700580841796593,2.1362945160285887,-0.1140560445553707,2.032350422745147,10.065952022869675,/mnt/e/Computer Vision/data/LoveDA/Test/Rural/images_png/4192.png,,rgb,,,,,,,,,,,,,,,,,,,,,,,,,,,,,,,,,,
Train,Urban,2141,/mnt/e/Computer Vision/data/LoveDA/Train/Urban/images_png/2141.png,/mnt/e/Computer Vision/data/LoveDA/Train/Urban/masks_png/2141.png,True,1024.0,1024.0,1048576.0,1.0,142.783478,139.716965,139.204193,44.976826,42.310627,42.608585,29.0,39.0,38.0,255.0,255.0,255.0,Train-Urban,140.56821200000002,43.29867933333333,3.0665130000000147,0.512771999999984,3.5792849999999987,4.704320877992707,4.412814639099907,4.307504599973711,0.9047726843495963,0.9850264614482772,1.2525408600257597,4.510061482452115,1.0632380131403243,2.845519198037425,-0.3489098588139471,1.8401473214124875,9.828117957964444,/mnt/e/Computer Vision/data/LoveDA/Train/Urban/images_png/2141.png,/mnt/e/Computer Vision/data/LoveDA/Train/Urban/masks_png/2141.png,rgb,,,,,,,,,,,,,,,,,,,,,,,,,,,,,,,,,,
Val,Rural,3378,/mnt/e/Computer Vision/data/LoveDA/Val/Rural/images_png/3378.png,/mnt/e/Computer Vision/data/LoveDA/Val/Rural/masks_png/3378.png,True,1024.0,1024.0,1048576.0,1.0,144.881363,138.57016,134.898315,41.760098,36.032295,33.229076,0.0,0.0,0.0,231.0,225.0,238.0,Val-Rural,139.44994599999998,37.00715633333333,6.311203000000006,3.6718449999999914,9.983047999999997,4.621808137919652,4.632025075997094,4.288373228913584,0.992183344130519,0.7424370197878908,0.6004743053968461,4.782960639497517,0.8154271543741464,2.045132965222704,1.3287489882806531,1.9561507829581049,9.81933929320454,/mnt/e/Computer Vision/data/LoveDA/Val/Rural/images_png/3378.png,/mnt/e/Computer Vision/data/LoveDA/Val/Rural/masks_png/3378.png,rgb,,,,,,,,,,,,,,,,,,,,,,,,,,,,,,,,,,
Train,Rural,395,/mnt/e/Computer Vision/data/LoveDA/Train/Rural/images_png/395.png,/mnt/e/Computer Vision/data/LoveDA/Train/Rural/masks_png/395.png,True,1024.0,1024.0,1048576.0,1.0,132.17482,118.184097,103.117554,65.759453,48.947266,46.235149,0.0,0.0,0.0,255.0,255.0,255.0,Train-Rural,117.82549033333332,53.64728933333333,13.990723000000015,15.066542999999996,29.057266000000013,3.586911705427605,2.805741490042513,2.1714524116884086,2.85007164920597,2.1071911966604007,1.8726840174752517,2.975463208134236,2.3721666131827592,3.9411292646945526,1.7215144535949165,4.646476383296923,9.802542805877891,/mnt/e/Computer Vision/data/LoveDA/Train/Rural/images_png/395.png,/mnt/e/Computer Vision/data/LoveDA/Train/Rural/masks_png/395.png,rgb,,,,,,,,,,,,,,,,,,,,,,,,,,,,,,,,,,
Test,Rural,4216,/mnt/e/Computer Vision/data/LoveDA/Test/Rural/images_png/4216.png,,False,1024.0,1024.0,1048576.0,1.0,47.169693,50.03323,49.964241,51.253811,51.829975,50.943161,0.0,0.0,0.0,255.0,255.0,255.0,Test-Rural,49.05572133333334,51.34231566666667,-2.863537000000001,0.0689890000000019,-2.794547999999999,-3.2928338711439924,-3.906655706407553,-3.527660525738577,2.7587949246406627,3.139475156284549,3.018755231541503,-3.602455322633236,3.0124175740066264,1.9401775547996796,-2.046601707598003,0.38706971106174,9.761366389189046,/mnt/e/Computer Vision/data/LoveDA/Test/Rural/images_png/4216.png,,rgb,,,,,,,,,,,,,,,,,,,,,,,,,,,,,,,,,,
Test,Rural,4235,/mnt/e/Computer Vision/data/LoveDA/Test/Rural/images_png/4235.png,,False,1024.0,1024.0,1048576.0,1.0,74.603737,77.419708,74.365631,63.262814,63.102573,59.988968,0.0,0.0,0.0,244.0,243.0,255.0,Test-Rural,75.46302533333333,62.118118333333335,-2.8159710000000047,3.0540770000000066,0.2381060000000019,0.1095580067464608,-0.3728167159749031,-0.3745819602255133,4.750934055902038,4.870497490390198,4.32096617557462,-0.2100290117047687,4.690146585792936,1.9649520109030996,0.0066086362234215,1.9530652422233683,9.745373615462604,/mnt/e/Computer Vision/data/LoveDA/Test/Rural/images_png/4235.png,,rgb,,,,,,,,,,,,,,,,,,,,,,,,,,,,,,,,,,
Test,Rural,4949,/mnt/e/Computer Vision/data/LoveDA/Test/Rural/images_png/4949.png,,False,1024.0,1024.0,1048576.0,1.0,39.991985,45.071846,42.476974,43.869286,46.901981,43.412247,0.0,0.0,0.0,255.0,255.0,255.0,Test-Rural,42.513601666666666,44.727838,-5.079861000000001,2.5948720000000023,-2.484988999999999,-4.183018905514767,-4.546852383968965,-4.495143980245608,1.5337972109855078,2.3827314423386925,1.934624359705278,-4.442891699116144,1.9825823568578256,0.7858189446798408,-0.309242841500024,0.5469191401858216,9.73820980155364,/mnt/e/Computer Vision/data/LoveDA/Test/Rural/images_png/4949.png,,rgb,,,,,,,,,,,,,,,,,,,,,,,,,,,,,,,,,,
Train,Rural,396,/mnt/e/Computer Vision/data/LoveDA/Train/Rural/images_png/396.png,/mnt/e/Computer Vision/data/LoveDA/Train/Rural/masks_png/396.png,True,1024.0,1024.0,1048576.0,1.0,127.784737,117.797348,100.691116,70.669556,53.514999,48.082607,0.0,0.0,0.0,255.0,254.0,248.0,Train-Rural,115.42440033333332,57.42238733333334,9.987389000000007,17.106232000000006,27.093621000000013,3.318389413809351,2.777310703547025,1.9867381997589697,3.3329068526523966,2.674114991750476,2.083701657220499,2.8044558301360407,2.8030045722165284,3.170569732283804,2.0856713996071807,4.343533662267079,9.708959409672977,/mnt/e/Computer Vision/data/LoveDA/Train/Rural/images_png/396.png,/mnt/e/Computer Vision/data/LoveDA/Train/Rural/masks_png/396.png,rgb,,,,,,,,,,,,,,,,,,,,,,,,,,,,,,,,,,
Test,Rural,4866,/mnt/e/Computer Vision/data/LoveDA/Test/Rural/images_png/4866.png,,False,1024.0,1024.0,1048576.0,1.0,37.68573,43.857765,41.976471,39.509727,43.716427,40.387226,0.0,0.0,0.0,255.0,255.0,255.0,Test-Rural,41.173322000000006,41.204460000000005,-6.172035000000001,1.881294000000004,-4.290740999999997,-4.469042478282393,-4.703512425298247,-4.55981756159794,0.8106024479445862,1.893557152569858,1.4991501723685363,-4.615071335674363,1.4340131529714872,0.2169668902649518,-0.8000577624415168,-0.3855313016997906,9.67307969863901,/mnt/e/Computer Vision/data/LoveDA/Test/Rural/images_png/4866.png,,rgb,,,,,,,,,,,,,,,,,,,,,,,,,,,,,,,,,,
Train,Urban,2248,/mnt/e/Computer Vision/data/LoveDA/Train/Urban/images_png/2248.png,/mnt/e/Computer Vision/data/LoveDA/Train/Urban/masks_png/2248.png,True,1024.0,1024.0,1048576.0,1.0,138.494568,135.547302,131.467407,52.374741,45.434887,43.236816,0.0,8.0,0.0,255.0,255.0,255.0,Train-Urban,135.169759,47.01548133333333,2.947265999999985,4.079894999999993,7.027160999999978,4.408249287367524,4.108985074562654,3.765642269287092,1.817133320655505,1.3845556545047708,1.3367386087080693,4.1260546317278575,1.549422920130476,2.800795127974557,0.9708574863460164,2.7950970994670805,9.670932913055646,/mnt/e/Computer Vision/data/LoveDA/Train/Urban/images_png/2248.png,/mnt/e/Computer Vision/data/LoveDA/Train/Urban/masks_png/2248.png,rgb,,,,,,,,,,,,,,,,,,,,,,,,,,,,,,,,,,
Train,Rural,679,/mnt/e/Computer Vision/data/LoveDA/Train/Rural/images_png/679.png,/mnt/e/Computer Vision/data/LoveDA/Train/Rural/masks_png/679.png,True,1024.0,1024.0,1048576.0,1.0,105.736496,107.321411,123.160225,61.461498,51.733192,67.470711,0.0,0.0,0.0,255.0,255.0,255.0,Train-Rural,112.07271066666664,60.22180033333333,-1.5849149999999952,-15.838814,-17.423728999999994,1.969794364587836,2.007201076405935,3.6972141161811702,2.4274320473832423,2.452966166598467,4.29822125399368,2.5657460517602573,3.122491214262005,0.9431390060054016,-3.7961896770537713,-2.5244119908616303,9.485185336190888,/mnt/e/Computer Vision/data/LoveDA/Train/Rural/images_png/679.png,/mnt/e/Computer Vision/data/LoveDA/Train/Rural/masks_png/679.png,rgb,,,,,,,,,,,,,,,,,,,,,,,,,,,,,,,,,,
Train,Rural,126,/mnt/e/Computer Vision/data/LoveDA/Train/Rural/images_png/126.png,/mnt/e/Computer Vision/data/LoveDA/Train/Rural/masks_png/126.png,True,1024.0,1024.0,1048576.0,1.0,139.005981,125.423546,123.423943,57.239937,48.902836,37.737812,10.0,5.0,6.0,255.0,255.0,255.0,Train-Rural,129.28449,47.960195,13.58243499999999,1.999603000000008,15.582037999999995,4.004744125938387,3.337929624631041,3.717289824912079,2.0123046530502724,2.1016767709669875,0.9021136457212188,3.791581507522784,1.7231195909847017,3.862542214408731,-0.6113985366332343,2.567576054155176,9.460916256225437,/mnt/e/Computer Vision/data/LoveDA/Train/Rural/images_png/126.png,/mnt/e/Computer Vision/data/LoveDA/Train/Rural/masks_png/126.png,rgb,,,,,,,,,,,,,,,,,,,,,,,,,,,,,,,,,,
Test,Rural,4847,/mnt/e/Computer Vision/data/LoveDA/Test/Rural/images_png/4847.png,,False,1024.0,1024.0,1048576.0,1.0,58.283169,60.936138,59.956306,57.683746,57.771935,56.843441,0.0,0.0,0.0,255.0,255.0,255.0,Test-Rural,59.72520433333333,57.43304066666667,-2.652968999999999,0.9798320000000018,-1.673136999999997,-1.914531770384422,-2.499789098751758,-2.236514161670248,3.825438435760371,4.051923685750641,3.868144256629007,-2.2317953395768826,3.9607075855638953,2.049850591691269,-1.4201035041288474,0.96614157834218,9.42078042311946,/mnt/e/Computer Vision/data/LoveDA/Test/Rural/images_png/4847.png,,rgb,,,,,,,,,,,,,,,,,,,,,,,,,,,,,,,,,,
Test,Rural,4737,/mnt/e/Computer Vision/data/LoveDA/Test/Rural/images_png/4737.png,,False,1024.0,1024.0,1048576.0,1.0,44.966251,49.041752,47.445732,48.147278,49.881237,48.265038,0.0,0.0,0.0,255.0,255.0,255.0,Test-Rural,47.151245,48.76451766666667,-4.075501000000003,1.5960200000000029,-2.479481,-3.566106494174075,-4.034591968038428,-3.85309513192092,2.243461057886296,2.8402265712360646,2.6332195817021007,-3.8471147404117647,2.6110696071862063,1.3089336218028422,-0.9962756051393918,0.5497633497084499,9.407514453854423,/mnt/e/Computer Vision/data/LoveDA/Test/Rural/images_png/4737.png,,rgb,,,,,,,,,,,,,,,,,,,,,,,,,,,,,,,,,,
Val,Rural,2765,/mnt/e/Computer Vision/data/LoveDA/Val/Rural/images_png/2765.png,/mnt/e/Computer Vision/data/LoveDA/Val/Rural/masks_png/2765.png,True,1024.0,1024.0,1048576.0,1.0,140.256638,123.802444,116.707947,48.652466,41.559368,37.764324,10.0,0.0,0.0,255.0,255.0,255.0,Val-Rural,126.922343,42.65871933333333,16.454194000000015,7.09449699999999,23.548691000000005,4.355933257373028,3.55360919686344,2.917375840733927,1.7003055839178796,1.42831357893394,1.164287565299945,3.8874078970477024,1.490813627452223,3.2680197525854595,2.0249453425692283,3.0855838493764787,9.382734613162672,/mnt/e/Computer Vision/data/LoveDA/Val/Rural/images_png/2765.png,/mnt/e/Computer Vision/data/LoveDA/Val/Rural/masks_png/2765.png,rgb,,,,,,,,,,,,,,,,,,,,,,,,,,,,,,,,,,
Train,Rural,288,/mnt/e/Computer Vision/data/LoveDA/Train/Rural/images_png/288.png,/mnt/e/Computer Vision/data/LoveDA/Train/Rural/masks_png/288.png,True,1024.0,1024.0,1048576.0,1.0,132.986664,126.930405,111.804169,67.385696,46.638828,47.364258,0.0,0.0,0.0,255.0,255.0,255.0,Train-Rural,123.90707933333331,53.79626066666666,6.056258999999997,15.126235999999992,21.18249499999999,3.636568673488693,3.4487022097128524,2.83272677520375,3.009988329112344,1.8206796094704,2.001651450670007,3.408598404629436,2.3891681599526366,2.413907986187708,1.7321717746758796,3.431590518373828,9.351678139888506,/mnt/e/Computer Vision/data/LoveDA/Train/Rural/images_png/288.png,/mnt/e/Computer Vision/data/LoveDA/Train/Rural/masks_png/288.png,rgb,,,,,,,,,,,,,,,,,,,,,,,,,,,,,,,,,,
Train,Urban,1727,/mnt/e/Computer Vision/data/LoveDA/Train/Urban/images_png/1727.png,/mnt/e/Computer Vision/data/LoveDA/Train/Urban/masks_png/1727.png,True,1024.0,1024.0,1048576.0,1.0,136.464325,132.291061,129.521576,49.581345,44.663582,41.538612,7.0,19.0,17.0,255.0,255.0,255.0,Train-Urban,132.75898733333335,45.26117966666666,4.173263999999989,2.769485000000003,6.942748999999992,4.268097763002211,3.871713552845348,3.629361839560553,1.4726329375050655,1.285921461367695,1.1091392804302656,3.9545697942138656,1.3199474213976936,3.260610640724749,0.4860308272229497,2.7717177144007,9.346798044540046,/mnt/e/Computer Vision/data/LoveDA/Train/Urban/images_png/1727.png,/mnt/e/Computer Vision/data/LoveDA/Train/Urban/masks_png/1727.png,rgb,,,,,,,,,,,,,,,,,,,,,,,,,,,,,,,,,,
Train,Urban,2224,/mnt/e/Computer Vision/data/LoveDA/Train/Urban/images_png/2224.png,/mnt/e/Computer Vision/data/LoveDA/Train/Urban/masks_png/2224.png,True,1024.0,1024.0,1048576.0,1.0,132.929688,126.169342,121.935486,41.277206,37.104591,34.336273,22.0,22.0,28.0,255.0,255.0,255.0,Train-Urban,127.01150533333332,37.57269,6.760345999999998,4.233856000000003,10.994202,4.02409506794155,3.4256441179798824,3.0980538250699805,0.4485106622406551,0.3192805369403773,0.1438562411552248,3.545735548104034,0.3142366965640673,4.230906217354394,1.0278201142756351,3.893838737067596,9.200003246284544,/mnt/e/Computer Vision/data/LoveDA/Train/Urban/images_png/2224.png,/mnt/e/Computer Vision/data/LoveDA/Train/Urban/masks_png/2224.png,rgb,,,,,,,,,,,,,,,,,,,,,,,,,,,,,,,,,,
Val,Rural,2977,/mnt/e/Computer Vision/data/LoveDA/Val/Rural/images_png/2977.png,/mnt/e/Computer Vision/data/LoveDA/Val/Rural/masks_png/2977.png,True,1024.0,1024.0,1048576.0,1.0,141.100266,131.665939,129.501694,38.933556,36.416832,33.572147,4.0,3.0,0.0,251.0,254.0,255.0,Val-Rural,134.08929966666668,36.30751166666667,9.434326999999996,2.1642450000000224,11.59857200000002,4.404433328993673,4.127842739375234,3.8816330631293896,0.7017842749146785,0.7901557516418659,0.6431242285958017,4.399747543973961,0.7318165596010039,2.421671510400897,1.0220904019781505,2.090654265409508,9.17654514511365,/mnt/e/Computer Vision/data/LoveDA/Val/Rural/images_png/2977.png,/mnt/e/Computer Vision/data/LoveDA/Val/Rural/masks_png/2977.png,rgb,,,,,,,,,,,,,,,,,,,,,,,,,,,,,,,,,,
Train,Urban,1978,,,,,,,,,,,,,,,,,,,,,,,,,,,,,,,,,,,,,,,,mask,1048576.0,5.0,7.0,agriculture,0.81257153,0.0,11263.0,9362.0,172849.0,0.0,0.0,3059.0,852043.0,0.0,0.01074123,0.0089283,0.16484165,0.0,0.0,0.00291729,0.81257153,-0.4111091468493478,-2.285518548897219,-1.2935491452008132,0.941640886896362,-0.3006585871414309,-0.4889115665338551,-0.601997546746072,11.16789588822147,0.2203825130544792,1.9660566867928648,11.716665045523794,/mnt/e/Computer Vision/data/LoveDA/Train/Urban/images_png/1978.png,/mnt/e/Computer Vision/data/LoveDA/Train/Urban/masks_png/1978.png
Train,Rural,33,,,,,,,,,,,,,,,,,,,,,,,,,,,,,,,,,,,,,,,,mask,1048576.0,2.0,5.0,barren,0.99635601,0.0,3821.0,0.0,0.0,0.0,1044755.0,0.0,0.0,0.0,0.00364399,0.0,0.0,0.0,0.99635601,0.0,0.0,-0.3127067098526412,-1.070269133515018,-0.5059053596248139,-0.6354135643191303,-0.7929994581549885,11.015878299140567,-0.7705523924148251,-1.121526003324711,-2.2432135810828773,2.0957373229024,11.625707231812626,/mnt/e/Computer Vision/data/LoveDA/Train/Rural/images_png/33.png,/mnt/e/Computer Vision/data/LoveDA/Train/Rural/masks_png/33.png
Train,Urban,1544,,,,,,,,,,,,,,,,,,,,,,,,,,,,,,,,,,,,,,,,mask,1048576.0,5.0,7.0,agriculture,0.77814579,0.0,123903.0,40835.0,54726.0,0.0,0.0,13167.0,815945.0,0.0,0.11816311,0.03894329,0.05219078,0.0,0.0,0.01255703,0.77814579,-0.4111091468493478,-1.7404449502432202,-1.0922357840518628,-0.4447159961966593,-0.3006585871414309,-0.4889115665338551,-0.5218841981755591,10.684242463264525,0.2203825130544792,1.7180432573987987,11.06092139033106,/mnt/e/Computer Vision/data/LoveDA/Train/Urban/images_png/1544.png,/mnt/e/Computer Vision/data/LoveDA/Train/Urban/masks_png/1544.png
Train,Rural,67,,,,,,,,,,,,,,,,,,,,,,,,,,,,,,,,,,,,,,,,mask,1048576.0,4.0,5.0,barren,0.95051193,0.0,15708.0,33529.0,0.0,0.0,996684.0,2655.0,0.0,0.0,0.01498032,0.03197575,0.0,0.0,0.95051193,0.00253201,0.0,-0.3127067098526412,-1.020112062244497,0.1221715277852958,-0.6354135643191303,-0.7929994581549885,10.492341537963094,-0.7617570437435331,-1.121526003324711,-0.8346961130253225,1.8378320335626852,10.871412421128207,/mnt/e/Computer Vision/data/LoveDA/Train/Rural/images_png/67.png,/mnt/e/Computer Vision/data/LoveDA/Train/Rural/masks_png/67.png
Train,Urban,2272,,,,,,,,,,,,,,,,,,,,,,,,,,,,,,,,,,,,,,,,mask,1048576.0,1.0,4.0,water,1.0,0.0,0.0,0.0,0.0,1048576.0,0.0,0.0,0.0,0.0,0.0,0.0,0.0,1.0,0.0,0.0,0.0,-0.4111091468493478,-2.34002104773703,-1.3534320930993855,-1.0870106104059734,8.163950127077634,-0.4889115665338551,-0.6262423781057634,-0.2480679663537176,-3.045799347086262,3.316347998200627,9.812031943970135,/mnt/e/Computer Vision/data/LoveDA/Train/Urban/images_png/2272.png,/mnt/e/Computer Vision/data/LoveDA/Train/Urban/masks_png/2272.png
Train,Urban,1851,,,,,,,,,,,,,,,,,,,,,,,,,,,,,,,,,,,,,,,,mask,1048576.0,1.0,4.0,water,1.0,0.0,0.0,0.0,0.0,1048576.0,0.0,0.0,0.0,0.0,0.0,0.0,0.0,1.0,0.0,0.0,0.0,-0.4111091468493478,-2.34002104773703,-1.3534320930993855,-1.0870106104059734,8.163950127077634,-0.4889115665338551,-0.6262423781057634,-0.2480679663537176,-3.045799347086262,3.316347998200627,9.812031943970135,/mnt/e/Computer Vision/data/LoveDA/Train/Urban/images_png/1851.png,/mnt/e/Computer Vision/data/LoveDA/Train/Urban/masks_png/1851.png
Train,Rural,534,,,,,,,,,,,,,,,,,,,,,,,,,,,,,,,,,,,,,,,,mask,1048576.0,1.0,4.0,water,1.0,0.0,0.0,0.0,0.0,1048576.0,0.0,0.0,0.0,0.0,0.0,0.0,0.0,1.0,0.0,0.0,0.0,-0.3127067098526412,-1.0863917998575705,-0.5059053596248139,-0.6354135643191303,8.698204699515923,-0.3624501230921699,-0.7705523924148251,-1.121526003324711,-2.9474723151116544,2.1162373371965253,9.63044565051363,/mnt/e/Computer Vision/data/LoveDA/Train/Rural/images_png/534.png,/mnt/e/Computer Vision/data/LoveDA/Train/Rural/masks_png/534.png
Train,Urban,2054,,,,,,,,,,,,,,,,,,,,,,,,,,,,,,,,,,,,,,,,mask,1048576.0,2.0,4.0,water,0.99900818,0.0,1040.0,0.0,0.0,1047536.0,0.0,0.0,0.0,0.0,0.00099182,0.0,0.0,0.99900818,0.0,0.0,0.0,-0.4111091468493478,-2.33498841475186,-1.3534320930993855,-1.0870106104059734,8.155554758862698,-0.4889115665338551,-0.6262423781057634,-0.2480679663537176,-2.229253882051077,3.309202627337383,9.579184318176395,/mnt/e/Computer Vision/data/LoveDA/Train/Urban/images_png/2054.png,/mnt/e/Computer Vision/data/LoveDA/Train/Urban/masks_png/2054.png
Train,Urban,1753,,,,,,,,,,,,,,,,,,,,,,,,,,,,,,,,,,,,,,,,mask,1048576.0,2.0,4.0,water,0.99128151,0.0,9142.0,0.0,0.0,1039434.0,0.0,0.0,0.0,0.0,0.00871849,0.0,0.0,0.99128151,0.0,0.0,0.0,-0.4111091468493478,-2.295782213719892,-1.3534320930993855,-1.0870106104059734,8.090151520648801,-0.4889115665338551,-0.6262423781057634,-0.2480679663537176,-2.229253882051077,3.2535373627854445,9.494807992893598,/mnt/e/Computer Vision/data/LoveDA/Train/Urban/images_png/1753.png,/mnt/e/Computer Vision/data/LoveDA/Train/Urban/masks_png/1753.png
Train,Rural,1269,,,,,,,,,,,,,,,,,,,,,,,,,,,,,,,,,,,,,,,,mask,1048576.0,5.0,1.0,background,0.6156311,0.0,645536.0,2247.0,304176.0,0.0,43417.0,53200.0,0.0,0.0,0.6156311,0.00214291,0.29008484,0.0,0.04140568,0.05073547,0.0,-0.3127067098526412,1.6374397187246563,-0.4638137044548804,9.123491458168909,-0.7929994581549885,0.1104003649436011,-0.5943144831443747,-1.121526003324711,-0.1304373789965452,-0.0461088668867027,9.40762565466083,/mnt/e/Computer Vision/data/LoveDA/Train/Rural/images_png/1269.png,/mnt/e/Computer Vision/data/LoveDA/Train/Rural/masks_png/1269.png
Train,Urban,2241,,,,,,,,,,,,,,,,,,,,,,,,,,,,,,,,,,,,,,,,mask,1048576.0,7.0,7.0,agriculture,0.64326572,0.0,84585.0,21595.0,107069.0,4899.0,152554.0,3361.0,674513.0,0.0,0.08066654,0.0205946,0.10210896,0.00467205,0.14548683,0.0032053,0.64326572,-0.4111091468493478,-1.9307077751638189,-1.2153021737651406,0.1696104837894818,-0.2611115119981638,0.4988583696830317,-0.5996039712428123,8.789288053746178,1.8534734431248496,0.7463264920478851,9.344671512649796,/mnt/e/Computer Vision/data/LoveDA/Train/Urban/images_png/2241.png,/mnt/e/Computer Vision/data/LoveDA/Train/Urban/masks_png/2241.png
Train,Urban,2212,,,,,,,,,,,,,,,,,,,,,,,,,,,,,,,,,,,,,,,,mask,1048576.0,2.0,4.0,water,0.97340584,27886.0,0.0,0.0,0.0,1020690.0,0.0,0.0,0.0,0.02659416,0.0,0.0,0.0,0.97340584,0.0,0.0,0.0,-0.1841631925956248,-2.34002104773703,-1.3534320930993855,-1.0870106104059734,7.938840968594297,-0.4889115665338551,-0.6262423781057634,-0.2480679663537176,-2.229253882051077,3.1247556366869897,9.326017554098913,/mnt/e/Computer Vision/data/LoveDA/Train/Urban/images_png/2212.png,/mnt/e/Computer Vision/data/LoveDA/Train/Urban/masks_png/2212.png
Train,Rural,792,,,,,,,,,,,,,,,,,,,,,,,,,,,,,,,,,,,,,,,,mask,1048576.0,3.0,4.0,water,0.9829855,0.0,15027.0,0.0,2814.0,1030735.0,0.0,0.0,0.0,0.0,0.01433086,0.0,0.00268364,0.9829855,0.0,0.0,0.0,-0.3127067098526412,-1.0229855681769595,-0.5059053596248139,-0.5451317423716276,8.536716606375231,-0.3624501230921699,-0.7705523924148251,-1.121526003324711,-1.5389548470541,2.0205187723246687,9.11080369747878,/mnt/e/Computer Vision/data/LoveDA/Train/Rural/images_png/792.png,/mnt/e/Computer Vision/data/LoveDA/Train/Rural/masks_png/792.png
Train,Urban,1964,,,,,,,,,,,,,,,,,,,,,,,,,,,,,,,,,,,,,,,,mask,1048576.0,2.0,4.0,water,0.94554615,57099.0,0.0,0.0,0.0,991477.0,0.0,0.0,0.0,0.05445385,0.0,0.0,0.0,0.94554615,0.0,0.0,0.0,0.0535823850899612,-2.34002104773703,-1.3534320930993855,-1.0870106104059734,7.703019593844855,-0.4889115665338551,-0.6262423781057634,-0.2480679663537176,-2.229253882051077,2.924046014794896,9.05763880136558,/mnt/e/Computer Vision/data/LoveDA/Train/Urban/images_png/1964.png,/mnt/e/Computer Vision/data/LoveDA/Train/Urban/masks_png/1964.png
Train,Urban,2342,,,,,,,,,,,,,,,,,,,,,,,,,,,,,,,,,,,,,,,,mask,1048576.0,3.0,4.0,water,0.95605469,0.0,31787.0,0.0,14293.0,1002496.0,0.0,0.0,0.0,0.0,0.03031445,0.0,0.01363087,0.95605469,0.0,0.0,0.0,-0.4111091468493478,-2.186201301213168,-1.3534320930993855,-0.9192600156076716,7.791970273102575,-0.4889115665338551,-0.6262423781057634,-0.2480679663537176,-1.4127084170158914,2.999752711101924,8.945787732509523,/mnt/e/Computer Vision/data/LoveDA/Train/Urban/images_png/2342.png,/mnt/e/Computer Vision/data/LoveDA/Train/Urban/masks_png/2342.png
Train,Urban,1688,,,,,,,,,,,,,,,,,,,,,,,,,,,,,,,,,,,,,,,,mask,1048576.0,5.0,7.0,agriculture,0.61215973,0.0,238945.0,57446.0,31549.0,78740.0,0.0,0.0,641896.0,0.0,0.22787571,0.05478477,0.03008747,0.07509232,0.0,0.0,0.61215973,-0.4111091468493478,-1.1837479188778528,-0.9859854876375084,-0.7167340991872424,0.3349685191014956,-0.4889115665338551,-0.6262423781057634,8.352274394775407,0.2203825130544792,0.5222295443977399,8.595425683256096,/mnt/e/Computer Vision/data/LoveDA/Train/Urban/images_png/1688.png,/mnt/e/Computer Vision/data/LoveDA/Train/Urban/masks_png/1688.png
Train,Rural,679,,,,,,,,,,,,,,,,,,,,,,,,,,,,,,,,,,,,,,,,mask,1048576.0,5.0,2.0,building,0.44962025,65.0,279233.0,471461.0,0.0,0.0,41933.0,255884.0,0.0,6.199e-05,0.26629734,0.44962025,0.0,0.0,0.03999043,0.24403,0.0,-0.3120333827542384,0.0918285467210991,8.325665037834368,-0.6354135643191303,-0.7929994581549885,0.0942382912089679,0.0771255141713953,-1.121526003324711,-0.1304373789965452,-0.98003700554238,8.52673620989825,/mnt/e/Computer Vision/data/LoveDA/Train/Rural/images_png/679.png,/mnt/e/Computer Vision/data/LoveDA/Train/Rural/masks_png/679.png
Train,Rural,1029,,,,,,,,,,,,,,,,,,,,,,,,,,,,,,,,,,,,,,,,mask,1048576.0,6.0,2.0,building,0.44691277,301.0,382499.0,468622.0,0.0,5419.0,62311.0,129424.0,0.0,0.00028706,0.36477947,0.44691277,0.0,0.00516796,0.0594244,0.12342834,0.0,-0.3095887024826219,0.5275582064330797,8.272483936183113,-0.6354135643191303,-0.7439492947163115,0.3161731126869037,-0.3418039726934291,-1.121526003324711,0.5738213550322321,-0.9952684904534412,8.518204654489477,/mnt/e/Computer Vision/data/LoveDA/Train/Rural/images_png/1029.png,/mnt/e/Computer Vision/data/LoveDA/Train/Rural/masks_png/1029.png
Val,Rural,3073,,,,,,,,,,,,,,,,,,,,,,,,,,,,,,,,,,,,,,,,mask,1048576.0,6.0,5.0,barren,0.58606911,0.0,106151.0,6954.0,168541.0,4064.0,614538.0,0.0,148328.0,0.0,0.10123348,0.00663185,0.16073322,0.00387573,0.58606911,0.0,0.1414566,-0.2346802044501493,-1.09404890452059,-0.4182482099886819,3.39782118521711,-0.6252757703559494,7.415585656380858,-0.543845656639872,-0.5456826454354893,0.7517254842146641,-0.2977735661545842,8.342740349544739,/mnt/e/Computer Vision/data/LoveDA/Val/Rural/images_png/3073.png,/mnt/e/Computer Vision/data/LoveDA/Val/Rural/masks_png/3073.png
Train,Rural,198,,,,,,,,,,,,,,,,,,,,,,,,,,,,,,,,,,,,,,,,mask,1048576.0,3.0,4.0,water,0.90354443,0.0,91344.0,0.0,0.0,947435.0,0.0,0.0,9797.0,0.0,0.08711243,0.0,0.0,0.90354443,0.0,0.0,0.00934315,-0.3127067098526412,-0.700966855448024,-0.5059053596248139,-0.6354135643191303,7.782725192501405,-0.3624501230921699,-0.7705523924148251,-1.0910568445810378,-1.5389548470541,1.5736067142398185,8.28129146347973,/mnt/e/Computer Vision/data/LoveDA/Train/Rural/images_png/198.png,/mnt/e/Computer Vision/data/LoveDA/Train/Rural/masks_png/198.png
Train,Rural,614,,,,,,,,,,,,,,,,,,,,,,,,,,,,,,,,,,,,,,,,mask,1048576.0,3.0,5.0,barren,0.72201729,0.0,39084.0,0.0,0.0,0.0,757090.0,252402.0,0.0,0.0,0.03727341,0.0,0.0,0.0,0.72201729,0.2407093,0.0,-0.3127067098526412,-0.921477309730223,-0.5059053596248139,-0.6354135643191303,-0.7929994581549885,7.882945869601704,0.0655905224720105,-1.121526003324711,-1.5389548470541,0.5523884988298711,8.265102421672674,/mnt/e/Computer Vision/data/LoveDA/Train/Rural/images_png/614.png,/mnt/e/Computer Vision/data/LoveDA/Train/Rural/masks_png/614.png
Val,Rural,2974,,,,,,,,,,,,,,,,,,,,,,,,,,,,,,,,,,,,,,,,mask,1048576.0,3.0,2.0,building,0.60274887,0.0,393015.0,632028.0,23533.0,0.0,0.0,0.0,0.0,0.0,0.37480831,0.60274887,0.02244282,0.0,0.0,0.0,0.0,-0.2346802044501493,-0.1586031217409986,8.018611631753885,-0.0795020749568362,-0.6472067614353061,-0.482063122177256,-0.543845656639872,-1.0328783898972709,-1.2857381232742622,-0.2035867584989842,8.251855562942104,/mnt/e/Computer Vision/data/LoveDA/Val/Rural/images_png/2974.png,/mnt/e/Computer Vision/data/LoveDA/Val/Rural/masks_png/2974.png
Train,Urban,2450,,,,,,,,,,,,,,,,,,,,,,,,,,,,,,,,,,,,,,,,mask,1048576.0,2.0,4.0,water,0.87147141,0.0,134772.0,0.0,0.0,913804.0,0.0,0.0,0.0,0.0,0.12852859,0.0,0.0,0.87147141,0.0,0.0,0.0,-0.4111091468493478,-1.6878490593001827,-1.3534320930993855,-1.0870106104059734,7.076005904137344,-0.4889115665338551,-0.6262423781057634,-0.2480679663537176,-2.229253882051077,2.390389213259947,8.214460447541466,/mnt/e/Computer Vision/data/LoveDA/Train/Urban/images_png/2450.png,/mnt/e/Computer Vision/data/LoveDA/Train/Urban/masks_png/2450.png
Train,Rural,736,,,,,,,,,,,,,,,,,,,,,,,,,,,,,,,,,,,,,,,,mask,1048576.0,5.0,5.0,barren,0.7115736,0.0,269829.0,24775.0,0.0,6066.0,746139.0,1767.0,0.0,0.0,0.25732899,0.02362728,0.0,0.00578499,0.7115736,0.00168514,0.0,-0.3127067098526412,0.0521484941706725,-0.0418115235031548,-0.6354135643191303,-0.7380929370149037,7.763679529491016,-0.7646987844670126,-1.121526003324711,-0.1304373789965452,0.4936353753900663,7.964218679452082,/mnt/e/Computer Vision/data/LoveDA/Train/Rural/images_png/736.png,/mnt/e/Computer Vision/data/LoveDA/Train/Rural/masks_png/736.png
Val,Rural,3494,,,,,,,,,,,,,,,,,,,,,,,,,,,,,,,,,,,,,,,,mask,1048576.0,7.0,5.0,barren,0.44095707,0.0,81149.0,10609.0,244697.0,139001.0,462377.0,18760.0,91983.0,0.0,0.07738972,0.01011753,0.23336124,0.13256168,0.44095707,0.01789093,0.08772182,-0.2346802044501493,-1.175578863755541,-0.3689152893933846,5.224058605069672,0.1028994176701895,5.46010991827196,-0.3470178065798645,-0.7307525265551403,1.430880020044306,-1.1171882220004532,7.914371967583888,/mnt/e/Computer Vision/data/LoveDA/Val/Rural/images_png/3494.png,/mnt/e/Computer Vision/data/LoveDA/Val/Rural/masks_png/3494.png
Train,Urban,1627,,,,,,,,,,,,,,,,,,,,,,,,,,,,,,,,,,,,,,,,mask,1048576.0,6.0,7.0,agriculture,0.54160881,0.0,389832.0,0.0,17138.0,4109.0,61585.0,7994.0,567918.0,0.0,0.37177277,0.0,0.01634407,0.00391865,0.05873203,0.00762367,0.54160881,-0.4111091468493478,-0.4535941705918391,-1.3534320930993855,-0.8858695633616481,-0.2674887482034564,-0.0901556549026217,-0.562884058058069,7.361091806053618,1.0369279780896643,0.0139594065268812,7.658257342594838,/mnt/e/Computer Vision/data/LoveDA/Train/Urban/images_png/1627.png,/mnt/e/Computer Vision/data/LoveDA/Train/Urban/masks_png/1627.png
Train,Rural,347,,,,,,,,,,,,,,,,,,,,,,,,,,,,,,,,,,,,,,,,mask,1048576.0,6.0,2.0,building,0.39413548,0.0,123505.0,413281.0,71198.0,55233.0,0.0,5564.0,379795.0,0.0,0.11778355,0.39413548,0.0678997,0.05267429,0.0,0.00530624,0.36220074,-0.3127067098526412,-0.5652638941028,7.235817211269992,1.6488379096821684,-0.2930570179046251,-0.3624501230921699,-0.7521203044951265,0.0596550591794582,0.5738213550322321,-1.2921779768694852,7.634036742187517,/mnt/e/Computer Vision/data/LoveDA/Train/Rural/images_png/347.png,/mnt/e/Computer Vision/data/LoveDA/Train/Rural/masks_png/347.png
Val,Urban,3568,,,,,,,,,,,,,,,,,,,,,,,,,,,,,,,,,,,,,,,,mask,1048576.0,7.0,5.0,barren,0.7481308,0.0,179361.0,5408.0,21008.0,7866.0,784472.0,35131.0,15330.0,0.0,0.17105198,0.00515747,0.02003479,0.0075016,0.7481308,0.03350353,0.01461983,-0.3605217275431154,-0.4394994488526926,-0.8309213347271132,-0.7869122156066372,-0.5398214795447083,7.145149109862159,-0.612743546384942,-0.919565324321118,0.8585630586647574,1.5472979692797162,7.5716363082137725,/mnt/e/Computer Vision/data/LoveDA/Val/Urban/images_png/3568.png,/mnt/e/Computer Vision/data/LoveDA/Val/Urban/masks_png/3568.png
Train,Urban,2366,,,,,,,,,,,,,,,,,,,,,,,,,,,,,,,,,,,,,,,,mask,1048576.0,7.0,7.0,agriculture,0.51159668,0.0,394343.0,13110.0,32753.0,12058.0,47277.0,12587.0,536448.0,0.0,0.37607479,0.01250267,0.03123569,0.0114994,0.04508686,0.0120039,0.51159668,-0.4111091468493478,-0.4317651212130581,-1.2695755094045005,-0.7026033365903352,-0.2033206656931402,-0.18279832709892,-0.5264811164010307,6.939445983342093,1.8534734431248496,-0.2022570432784247,7.37868717538895,/mnt/e/Computer Vision/data/LoveDA/Train/Urban/images_png/2366.png,/mnt/e/Computer Vision/data/LoveDA/Train/Urban/masks_png/2366.png
Val,Rural,3247,,,,,,,,,,,,,,,,,,,,,,,,,,,,,,,,,,,,,,,,mask,1048576.0,2.0,6.0,forest,0.6773634,0.0,338309.0,0.0,0.0,0.0,0.0,710267.0,0.0,0.0,0.3226366,0.0,0.0,0.0,0.0,0.6773634,0.0,-0.2346802044501493,-0.3369960173882328,-0.5121089572316653,-0.6438285937166132,-0.6472067614353061,-0.482063122177256,6.908197458577555,-1.0328783898972709,-1.964892659103904,0.2177445067843875,7.361719848589766,/mnt/e/Computer Vision/data/LoveDA/Val/Rural/images_png/3247.png,/mnt/e/Computer Vision/data/LoveDA/Val/Rural/masks_png/3247.png
Train,Rural,92,,,,,,,,,,,,,,,,,,,,,,,,,,,,,,,,,,,,,,,,mask,1048576.0,8.0,2.0,building,0.33065987,85090.0,236185.0,346722.0,118193.0,27279.0,16220.0,32808.0,186079.0,0.08114815,0.22524357,0.33065987,0.11271763,0.02601528,0.0154686,0.03128815,0.17745876,0.5687136544037363,-0.0898119725486801,5.989011004839868,3.156582754860969,-0.5460831244560155,-0.1857995993178924,-0.6618679130764009,-0.542811209181904,1.9823388230897867,-1.6492730600964771,7.340230184734128,/mnt/e/Computer Vision/data/LoveDA/Train/Rural/images_png/92.png,/mnt/e/Computer Vision/data/LoveDA/Train/Rural/masks_png/92.png
Val,Rural,2870,,,,,,,,,,,,,,,,,,,,,,,,,,,,,,,,,,,,,,,,mask,1048576.0,7.0,0.0,no-data,0.53584194,561871.0,72225.0,2888.0,8061.0,11715.0,102793.0,0.0,289023.0,0.53584194,0.06887913,0.00275421,0.00768757,0.01117229,0.09803104,0.0,0.27563381,6.934286331579944,-1.204679477742823,-0.4731285507592485,-0.450524026116726,-0.5839878601377476,0.8389666166478832,-0.543845656639872,-0.0835581088938588,1.430880020044306,-0.5813949611791595,7.3277211115854755,/mnt/e/Computer Vision/data/LoveDA/Val/Rural/images_png/2870.png,/mnt/e/Computer Vision/data/LoveDA/Val/Rural/masks_png/2870.png
Train,Rural,793,,,,,,,,,,,,,,,,,,,,,,,,,,,,,,,,,,,,,,,,mask,1048576.0,5.0,5.0,barren,0.4458971,76.0,400622.0,1193.0,179128.0,0.0,467557.0,0.0,0.0,7.248e-05,0.38206291,0.00113773,0.17082977,0.0,0.4458971,0.0,0.0,-0.3119194417756573,0.6040279926760501,-0.4835577394090846,5.111565493405762,-0.7929994581549885,4.729669154957001,-0.7705523924148251,-1.121526003324711,-0.1304373789965452,-1.0009823506775677,7.259011160798403,/mnt/e/Computer Vision/data/LoveDA/Train/Rural/images_png/793.png,/mnt/e/Computer Vision/data/LoveDA/Train/Rural/masks_png/793.png
Val,Urban,3546,,,,,,,,,,,,,,,,,,,,,,,,,,,,,,,,,,,,,,,,mask,1048576.0,6.0,6.0,forest,0.86694813,0.0,49841.0,9196.0,1142.0,11067.0,0.0,909061.0,68269.0,0.0,0.04753208,0.00876999,0.0010891,0.01055431,0.0,0.86694813,0.06510639,-0.3605217275431154,-1.1313234348409378,-0.8047777442807509,-1.060141216318693,-0.5242794622399438,-0.5377512158392087,6.578633262368321,-0.7195322886756675,0.125590560914391,2.263287198897069,7.258089612288432,/mnt/e/Computer Vision/data/LoveDA/Val/Urban/images_png/3546.png,/mnt/e/Computer Vision/data/LoveDA/Val/Urban/masks_png/3546.png
Train,Rural,862,,,,,,,,,,,,,,,,,,,,,,,,,,,,,,,,,,,,,,,,mask,1048576.0,3.0,5.0,barren,0.44500732,0.0,411188.0,0.0,170764.0,0.0,466624.0,0.0,0.0,0.0,0.39213943,0.0,0.16285324,0.0,0.44500732,0.0,0.0,-0.3127067098526412,0.6486110924798519,-0.5059053596248139,4.843222622819948,-0.7929994581549885,4.719507918449246,-0.7705523924148251,-1.121526003324711,-1.5389548470541,-1.0059879908463465,7.236421491337699,/mnt/e/Computer Vision/data/LoveDA/Train/Rural/images_png/862.png,/mnt/e/Computer Vision/data/LoveDA/Train/Rural/masks_png/862.png
Val,Rural,2551,,,,,,,,,,,,,,,,,,,,,,,,,,,,,,,,,,,,,,,,mask,1048576.0,4.0,6.0,forest,0.68888664,0.0,295219.0,0.0,17073.0,13934.0,0.0,722350.0,0.0,0.0,0.28154278,0.0,0.01628208,0.0132885,0.0,0.68888664,0.0,-0.2346802044501493,-0.4775098234913149,-0.5121089572316653,-0.2344143790783373,-0.5720131914606092,-0.482063122177256,7.034970888182695,-1.0328783898972709,-0.6065835874446202,0.2828136198561174,7.222566054947743,/mnt/e/Computer Vision/data/LoveDA/Val/Rural/images_png/2551.png,/mnt/e/Computer Vision/data/LoveDA/Val/Rural/masks_png/2551.png
Train,Rural,65,,,,,,,,,,,,,,,,,,,,,,,,,,,,,,,,,,,,,,,,mask,1048576.0,3.0,4.0,water,0.79686356,0.0,189634.0,0.0,23370.0,835572.0,0.0,0.0,0.0,0.0,0.18084908,0.0,0.02228737,0.79686356,0.0,0.0,0.0,-0.3127067098526412,-0.2862333539788637,-0.5059053596248139,0.1143682134223373,6.770195275613456,-0.3624501230921699,-0.7705523924148251,-1.121526003324711,-1.5389548470541,0.9734515656500232,7.182145295080793,/mnt/e/Computer Vision/data/LoveDA/Train/Rural/images_png/65.png,/mnt/e/Computer Vision/data/LoveDA/Train/Rural/masks_png/65.png
Val,Rural,2617,,,,,,,,,,,,,,,,,,,,,,,,,,,,,,,,,,,,,,,,mask,1048576.0,6.0,0.0,no-data,0.53566551,561686.0,92433.0,0.0,0.0,27281.0,26983.0,7.0,340186.0,0.53566551,0.08815098,0.0,0.0,0.02601719,0.02573299,6.68e-06,0.32442665,6.931925895280479,-1.1387824403258175,-0.5121089572316653,-0.6438285937166132,-0.4999873313408647,-0.1352949448847381,-0.5437721663272722,0.0844910596016698,0.7517254842146641,-0.5823912212257475,7.17639063917473,/mnt/e/Computer Vision/data/LoveDA/Val/Rural/images_png/2617.png,/mnt/e/Computer Vision/data/LoveDA/Val/Rural/masks_png/2617.png
Train,Urban,1446,,,,,,,,,,,,,,,,,,,,,,,,,,,,,,,,,,,,,,,,mask,1048576.0,2.0,4.0,water,0.69165993,323318.0,0.0,0.0,0.0,725258.0,0.0,0.0,0.0,0.30834007,0.0,0.0,0.0,0.69165993,0.0,0.0,0.0,2.22016521642476,-2.34002104773703,-1.3534320930993855,-1.0870106104059734,5.5539720836127175,-0.4889115665338551,-0.6262423781057634,-0.2480679663537176,-2.229253882051077,1.094972998554835,7.150251672881986,/mnt/e/Computer Vision/data/LoveDA/Train/Urban/images_png/1446.png,/mnt/e/Computer Vision/data/LoveDA/Train/Urban/masks_png/1446.png
Train,Rural,102,,,,,,,,,,,,,,,,,,,,,,,,,,,,,,,,,,,,,,,,mask,1048576.0,3.0,5.0,barren,0.62412262,0.0,142401.0,0.0,0.0,0.0,654440.0,251735.0,0.0,0.0,0.13580418,0.0,0.0,0.0,0.62412262,0.2400732,0.0,-0.3127067098526412,-0.4855324445728649,-0.5059053596248139,-0.6354135643191303,-0.7929994581549885,6.764994359432066,0.0633809256340009,-1.121526003324711,-1.5389548470541,0.0016619232029657,7.142649172166246,/mnt/e/Computer Vision/data/LoveDA/Train/Rural/images_png/102.png,/mnt/e/Computer Vision/data/LoveDA/Train/Rural/masks_png/102.png
Train,Rural,1087,,,,,,,,,,,,,,,,,,,,,,,,,,,,,,,,,,,,,,,,mask,1048576.0,3.0,2.0,building,0.36214733,0.0,310827.0,379739.0,0.0,0.0,0.0,358010.0,0.0,0.0,0.29642773,0.36214733,0.0,0.0,0.0,0.34142494,0.0,-0.3127067098526412,0.2251390730235792,6.607496759489886,-0.6354135643191303,-0.7929994581549885,-0.3624501230921699,0.4154426835820848,-1.121526003324711,-1.5389548470541,-1.4721338857063992,7.137046205786692,/mnt/e/Computer Vision/data/LoveDA/Train/Rural/images_png/1087.png,/mnt/e/Computer Vision/data/LoveDA/Train/Rural/masks_png/1087.png
Val,Rural,2701,,,,,,,,,,,,,,,,,,,,,,,,,,,,,,,,,,,,,,,,mask,1048576.0,6.0,5.0,barren,0.41936207,0.0,169421.0,0.0,213372.0,101037.0,439733.0,4407.0,120606.0,0.0,0.16157246,0.0,0.2034874,0.09635639,0.41936207,0.00420284,0.11501884,-0.2346802044501493,-0.887729323226426,-0.5121089572316653,4.472878489149009,-0.1019698307076705,5.169103751144395,-0.4976079282855493,-0.636737881918636,0.7517254842146641,-1.2391302710061152,7.113061996188391,/mnt/e/Computer Vision/data/LoveDA/Val/Rural/images_png/2701.png,/mnt/e/Computer Vision/data/LoveDA/Val/Rural/masks_png/2701.png
Train,Urban,2462,,,,,,,,,,,,,,,,,,,,,,,,,,,,,,,,,,,,,,,,mask,1048576.0,7.0,7.0,agriculture,0.41471386,410260.0,52305.0,23518.0,52634.0,19892.0,0.0,55108.0,434859.0,0.39125443,0.04988194,0.02242851,0.05019569,0.01897049,0.0,0.05255508,0.41471386,2.9277295294745693,-2.086913128348141,-1.2030019668970164,-0.4692689069188761,-0.1400808121744253,-0.4889115665338551,-0.1894709046851946,5.578321786375318,1.8534734431248496,-0.9002301424062269,7.088881582164829,/mnt/e/Computer Vision/data/LoveDA/Train/Urban/images_png/2462.png,/mnt/e/Computer Vision/data/LoveDA/Train/Urban/masks_png/2462.png
Val,Rural,3479,,,,,,,,,,,,,,,,,,,,,,,,,,,,,,,,,,,,,,,,mask,1048576.0,8.0,0.0,no-data,0.50640297,531002.0,104014.0,62497.0,11115.0,38557.0,28070.0,4797.0,268524.0,0.50640297,0.09919548,0.05960178,0.01060009,0.03677082,0.02676964,0.00457478,0.25608444,6.540425801019023,-1.101017522595962,0.331436600615979,-0.3772884758419288,-0.4391374363273568,-0.1213254360561764,-0.4935160140836985,-0.150888794566417,2.1100345558739484,-0.7476301231340657,7.051715374278125,/mnt/e/Computer Vision/data/LoveDA/Val/Rural/images_png/3479.png,/mnt/e/Computer Vision/data/LoveDA/Val/Rural/masks_png/3479.png
Train,Urban,2300,,,,,,,,,,,,,,,,,,,,,,,,,,,,,,,,,,,,,,,,mask,1048576.0,5.0,3.0,road,0.6424675,0.0,297864.0,57189.0,673676.0,0.0,0.0,8665.0,11182.0,0.0,0.28406525,0.05453968,0.6424675,0.0,0.0,0.00826359,0.01066399,-0.4111091468493478,-0.8986343575204013,-0.9876293293207472,6.819623761690447,-0.3006585871414309,-0.4889115665338551,-0.5575658509262125,-0.0982476491373967,0.2203825130544792,0.7405758740623037,7.05026367196169,/mnt/e/Computer Vision/data/LoveDA/Train/Urban/images_png/2300.png,/mnt/e/Computer Vision/data/LoveDA/Train/Urban/masks_png/2300.png
Train,Rural,505,,,,,,,,,,,,,,,,,,,,,,,,,,,,,,,,,,,,,,,,mask,1048576.0,3.0,4.0,water,0.77937508,0.0,230349.0,0.0,0.0,817234.0,0.0,993.0,0.0,0.0,0.21967793,0.0,0.0,0.77937508,0.0,0.000947,0.0,-0.3127067098526412,-0.1144368910316515,-0.5059053596248139,-0.6354135643191303,6.604208541526111,-0.3624501230921699,-0.7672628338460542,-1.121526003324711,-1.5389548470541,0.875066528923104,7.035492076207427,/mnt/e/Computer Vision/data/LoveDA/Train/Rural/images_png/505.png,/mnt/e/Computer Vision/data/LoveDA/Train/Rural/masks_png/505.png
Train,Urban,1782,,,,,,,,,,,,,,,,,,,,,,,,,,,,,,,,,,,,,,,,mask,1048576.0,2.0,4.0,water,0.66384411,352485.0,0.0,0.0,0.0,696091.0,0.0,0.0,0.0,0.33615589,0.0,0.0,0.0,0.66384411,0.0,0.0,0.0,2.4575364217288493,-2.34002104773703,-1.3534320930993855,-1.0870106104059734,5.318522051247569,-0.4889115665338551,-0.6262423781057634,-0.2480679663537176,-2.229253882051077,0.8945794293938514,7.019816810532935,/mnt/e/Computer Vision/data/LoveDA/Train/Urban/images_png/1782.png,/mnt/e/Computer Vision/data/LoveDA/Train/Urban/masks_png/1782.png
Train,Urban,1691,,,,,,,,,,,,,,,,,,,,,,,,,,,,,,,,,,,,,,,,mask,1048576.0,5.0,5.0,barren,0.9226017,0.0,14845.0,8634.0,10821.0,0.0,967418.0,46858.0,0.0,0.0,0.0141573,0.00823402,0.01031971,0.0,0.9226017,0.04468727,0.0,-0.4111091468493478,-2.268184933360478,-1.298205746464998,-0.9600093631894726,-0.3006585871414309,5.775010895469003,-0.2548582081826507,-0.2480679663537176,0.2203825130544792,2.758747266530932,7.010529334064688,/mnt/e/Computer Vision/data/LoveDA/Train/Urban/images_png/1691.png,/mnt/e/Computer Vision/data/LoveDA/Train/Urban/masks_png/1691.png
Val,Rural,2569,,,,,,,,,,,,,,,,,,,,,,,,,,,,,,,,,,,,,,,,mask,1048576.0,5.0,2.0,building,0.50964451,0.0,417044.0,534401.0,73497.0,0.0,18148.0,5486.0,0.0,0.0,0.39772415,0.50964451,0.0700922,0.0,0.01730728,0.00523186,0.0,-0.2346802044501493,-0.0802460379155169,6.700903179183377,1.1186454277394262,-0.6472067614353061,-0.2488366708596575,-0.4862871196820419,-1.0328783898972709,0.0725709483850219,-0.7293258846745236,6.9667982054353645,/mnt/e/Computer Vision/data/LoveDA/Val/Rural/images_png/2569.png,/mnt/e/Computer Vision/data/LoveDA/Val/Rural/masks_png/2569.png
Val,Urban,3623,,,,,,,,,,,,,,,,,,,,,,,,,,,,,,,,,,,,,,,,mask,1048576.0,1.0,4.0,water,1.0,0.0,0.0,0.0,0.0,1048576.0,0.0,0.0,0.0,0.0,0.0,0.0,0.0,1.0,0.0,0.0,0.0,-0.3605217275431154,-1.397546392015548,-0.8682456356083261,-1.075847886525769,4.51320593142816,-0.5377512158392087,-0.9018287581115152,-0.9774906211827068,-3.5392719278374405,3.065053287231558,6.952869594518535,/mnt/e/Computer Vision/data/LoveDA/Val/Urban/images_png/3623.png,/mnt/e/Computer Vision/data/LoveDA/Val/Urban/masks_png/3623.png
